<?xml version='1.0' encoding='UTF-8'?>
<!DOCTYPE Plugin PUBLIC "sailpoint.dtd" "sailpoint.dtd">
<Plugin certificationLevel="None" displayName="Moveworks Plugin" minSystemVersion="7.1" name="MoveworksPlugin" version="2.0">
  <Attributes>
    <Map>
      <entry key="minUpgradableVersion" value="1.0" />
      <entry key="restResources">
        <value>
          <List>
            <String>ai.moveworks.plugin.rest.TableResource</String>
          </List>
        </value>
      </entry>
      <entry key="settings">
        <value>
          <List>
            <Setting dataType="boolean" helpText="If false, prevents this plugin from modifying sailpoint objects in any way." label="Enable Write Actions" name="allowWrites" defaultValue="true"/>
          </List>
        </value>
      </entry>
	  <entry key="serviceExecutors">
	  </entry>
    </Map>
  </Attributes>
</Plugin>

