<?xml version='1.0' encoding='UTF-8'?>
<!DOCTYPE sailpoint PUBLIC "sailpoint.dtd" "sailpoint.dtd">

<sailpoint>
  <SPRight name="MoveworksPlugin" displayName="Moveworks Plugin">
    <Description>Allows an API key to use the Moveworks Plugin</Description>
  </SPRight>

  <Capability name="MoveworksPluginServiceAccount" displayName="Moveworks Plugin Service Account">
    <RightRefs>
      <Reference class="sailpoint.object.SPRight" name="MoveworksPlugin"/>
    </RightRefs>
  </Capability>
</sailpoint>

